<?xml version="1.0" enconding="UTF-8"?>

<recetas>
    <postres>
        <ingredientes>
            <harina gramosharina="200"> Harina (200g) </harina>
            <azucar gramosazucar="100"> Azúcar (50g)</azucar>
            <huevos huevosuds="2"> Huevos (2 uds.)</huevos>
            <mantequilla gramosmantequilla="100"> Mantequilla (100g)</mantequilla>
            <leche mlleche="100ml"> Leche (100ml) </leche>
            <pepitas_chocolate gramospepitas="50"> Pepitas de chocolate (50g) </pepitas_chocolate>
        </ingredientes>

        <pasos_instrucciones>
            <paso1> Mezclar los ingredientes secos </paso1>
            <paso2> Agregar los huevos, la leche y la mantequilla derretida </paso2>
            <paso3> Incorporar las pepitas de chocolate </paso3>
            <paso4> Hornear a 180ºC durante 20 minutos <paso4>
        </pasos_instrucciones>
    </postres>
</recetas>